{
  "FreeStyleMotionInfos": [
    {
      "MotionID": 900260400,
      "ExitTime": 0.974033,
      "TransitionDuration": 0.025967
    },
    {
      "MotionID": 900260402,
      "ExitTime": 0.97368,
      "TransitionDuration": 0.026321
    }
  ]
}